bet_id;Account_no;Bet_date;Class_ id;Category_id;Source;bet_count;bet_amt;win_amt;Product
1;01196ZZ   ;24/11/2012;22512_XFER;22512;I;189;29364;28947;Vegas
2;00357DG   ;27/11/2012;22512_XFER;22512;I;1415;19835;18639,15;Vegas
3;00357DG   ;24/11/2012;22512_XFER;22512;I;2026;19280,8;17904,5;Vegas
4;01196ZZ   ;19/12/2012;22512_XFER;22512;I;151;17301;16956;Vegas
5;01284UW   ;21/10/2012;46;5;I;25;16850;3319,11;Sportsbook
6;00357DG   ;26/11/2012;22512_XFER;22512;I;1859;16078,5;12299,52;Vegas
7;00357DG   ;17/11/2012;22512_XFER;22512;I;1469;15204;14758,8;Vegas
8;00357DG   ;30/11/2012;22512_XFER;22512;I;920;15000;10169,8;Vegas
9;01284UW   ;14/10/2012;46;5;I;25;13700;10781,59;Sportsbook
10;01284UW   ;16/10/2012;36;5;I;16;13655;20945,93;Sportsbook
11;01284UW   ;03/11/2012;46;5;I;87;13405,14;3500;Sportsbook
12;01284UW   ;10/10/2012;274;5;I;17;12370;0;Sportsbook
13;00357DG   ;15/11/2012;22512_XFER;22512;I;1152;12133;11300,9;Vegas
14;00357DG   ;28/11/2012;22512_XFER;22512;I;507;11614;8729,6;Vegas
15;00357DG   ;05/12/2012;22512_XFER;22512;I;557;11176;9751,6;Vegas
16;01196ZZ   ;15/12/2012;22512_XFER;22512;I;167;10896;10410;Vegas
17;01284UW   ;01/11/2012;46;5;I;34;10674,28;12210;Sportsbook
18;01196ZZ   ;28/11/2012;22512_XFER;22512;I;106;10011;8736;Vegas
19;01148BP   ;17/09/2012;2;9;I;30;9800;8200;Sportsbook
20;01148BP   ;17/11/2012;2;9;I;28;9252,5;15353,75;Sportsbook
21;00357DG   ;14/11/2012;22512_XFER;22512;I;1201;9154,2;7138,3;Vegas
22;01148BP   ;09/10/2012;2;9;I;33;9108,33;14245,83;Sportsbook
23;01196ZZ   ;08/12/2012;22512_XFER;22512;I;90;8815,5;8595;Vegas
24;00357DG   ;23/11/2012;22512_XFER;22512;I;998;8534;7082;Vegas
25;00357DG   ;12/11/2012;613;0;I;988;8472,6;8829,2;Games
26;01148BP   ;10/12/2012;2;9;I;22;7687,5;6587,5;Sportsbook
27;01148BP   ;18/10/2012;2;9;I;17;7625;4925;Sportsbook
28;01148BP   ;07/11/2012;2;9;I;18;7493,75;1593,75;Sportsbook
29;00497XG   ;27/12/2012;601;0;I;1190;7450,2;6870,91;Games
30;01148BP   ;21/10/2012;2;9;I;17;7450;2150;Sportsbook
31;01284UW   ;11/10/2012;36;5;I;8;7150;0;Sportsbook
32;00357DG   ;19/11/2012;22512_XFER;22512;I;1007;6918;3831,35;Vegas
33;01284UW   ;14/10/2012;274;5;I;9;6550;6453,33;Sportsbook
34;00357DG   ;12/11/2012;22512_XFER;22512;I;1042;6538;5236,3;Vegas
35;00357DG   ;20/11/2012;22512_XFER;22512;I;711;6529;3679,25;Vegas
36;01148BP   ;24/10/2012;2;9;I;18;6015,63;8737,52;Sportsbook
37;01148BP   ;02/10/2012;2;9;I;20;5915,65;5203,15;Sportsbook
38;01148BP   ;28/09/2012;2;9;I;19;5887,5;7300;Sportsbook
39;01148BP   ;17/10/2012;2;9;I;19;5800;6605;Sportsbook
40;01148BP   ;27/11/2012;22512_XFER;22512;I;68;5760;6030;Vegas
41;00357DG   ;08/11/2012;22512_XFER;22512;I;1482;5652,4;3412,6;Vegas
42;01148BP   ;05/12/2012;2;9;I;17;5600;4200;Sportsbook
43;01148BP   ;16/09/2012;2;9;I;21;5560,18;5726,25;Sportsbook
44;01152SJ   ;01/12/2012;22528_PRCH;22528;I;3;5451,3013;0;Casino
45;01148BP   ;01/12/2012;2;9;I;15;5350;7350;Sportsbook
46;01148BP   ;09/12/2012;2;9;I;14;5293,75;5393,75;Sportsbook
47;01284UW   ;31/10/2012;1;5;I;35;5290;5720;Sportsbook
48;01148BP   ;20/09/2012;2;9;I;17;5250;5550;Sportsbook
49;01148BP   ;25/10/2012;2;9;I;16;5219,59;6857,42;Sportsbook
50;00357DG   ;29/11/2012;22512_XFER;22512;I;323;5018;2367,3;Vegas
51;01148BP   ;03/10/2012;2;9;I;21;4987,5;1975;Sportsbook
52;01196ZZ   ;20/10/2012;3;8;I;25;4585;3448,75;Sportsbook
53;01148BP   ;19/11/2012;2;9;I;15;4491,15;4925;Sportsbook
54;01148BP   ;06/11/2012;2;9;I;11;4462,5;6487,5;Sportsbook
55;01148BP   ;14/09/2012;2;9;I;17;4460;9228,13;Sportsbook
56;01148BP   ;01/11/2012;2;9;I;10;4390;840;Sportsbook
57;01148BP   ;20/11/2012;2;9;I;11;4300;1550;Sportsbook
58;01196ZZ   ;29/09/2012;2;9;I;20;4290;1825;Sportsbook
59;01196ZZ   ;13/12/2012;22512_XFER;22512;I;39;4265;5940;Vegas
60;01148BP   ;11/12/2012;2;9;I;11;4240;1840;Sportsbook
61;01148BP   ;02/11/2012;2;9;I;8;4237,5;5387,5;Sportsbook
62;01152SJ   ;17/10/2012;22527_PRCH;22527;I;6;4234,6494;0;Poker
63;00357DG   ;06/11/2012;22512_XFER;22512;I;1056;4113;3992,2;Vegas
64;01148BP   ;16/11/2012;2;9;I;11;4106,25;6156,25;Sportsbook
65;01148BP   ;26/10/2012;2;9;I;12;4062,5;3187,5;Sportsbook
66;00497XG   ;24/12/2012;638;0;I;1797;4031,29;3325,75;Games
67;01148BP   ;08/11/2012;2;9;I;14;4020,31;4564,06;Sportsbook
68;00497XG   ;25/12/2012;638;0;I;1198;3938,31;2457,3;Games
69;01148BP   ;11/09/2012;2;9;I;15;3825;4625;Sportsbook
70;01148BP   ;27/10/2012;2;9;I;14;3802,5;3302,5;Sportsbook
71;01148BP   ;19/10/2012;2;9;I;9;3800;7237,5;Sportsbook
72;01284UW   ;20/10/2012;1;5;I;7;3780;0;Sportsbook
73;01148BP   ;23/11/2012;2;9;I;10;3681,25;5431,25;Sportsbook
74;01196ZZ   ;23/12/2012;22512_XFER;22512;I;38;3660;3510;Vegas
75;01148BP   ;09/11/2012;2;9;I;10;3643,75;2800;Sportsbook
76;01148BP   ;27/09/2012;2;9;I;12;3638;6000;Sportsbook
77;01148BP   ;10/10/2012;2;9;I;10;3595,45;1495,45;Sportsbook
78;01284UW   ;10/10/2012;36;5;I;9;3550;0;Sportsbook
79;01152SJ   ;03/12/2012;22528_PRCH;22528;I;2;3497,377;0;Casino
80;01148BP   ;01/09/2012;2;9;N;6;3470;1320;Sportsbook
81;01152SJ   ;01/12/2012;22527_PRCH;22527;I;2;3370,3864;0;Poker
82;01284UW   ;31/10/2012;46;5;I;36;3315;960;Sportsbook
83;00357DG   ;22/11/2012;22512_XFER;22512;I;340;3310;2005;Vegas
84;00497XG   ;27/12/2012;638;0;I;1230;3295,93;2748,83;Games
85;01148BP   ;12/12/2012;2;9;I;11;3275;2275;Sportsbook
86;00357DG   ;10/11/2012;22512_XFER;22512;I;826;3192;2335;Vegas
87;01284UW   ;12/10/2012;36;5;I;12;3180;25348,33;Sportsbook
88;00357DG   ;05/11/2012;22512_XFER;22512;I;709;3158;3208,1;Vegas
89;01148BP   ;08/12/2012;2;9;M;11;3150;5100;Sportsbook
90;01284UW   ;30/10/2012;46;5;I;25;3145;2380;Sportsbook
91;01148BP   ;20/11/2012;3;8;I;8;3137,5;1687,5;Sportsbook
92;01148BP   ;03/12/2012;2;9;I;7;2860;3293,75;Sportsbook
93;01148BP   ;31/10/2012;2;9;I;7;2800;3000;Sportsbook
94;01196ZZ   ;23/10/2012;2;9;I;11;2760;2000;Sportsbook
95;00497XG   ;26/12/2012;638;0;I;986;2742,5;1674,6;Games
96;01148BP   ;07/12/2012;2;9;M;7;2700;4950;Sportsbook
97;01284UW   ;14/10/2012;36;5;I;7;2700;0;Sportsbook
98;01196ZZ   ;23/09/2012;2;9;I;14;2650;1800;Sportsbook
99;01284UW   ;15/10/2012;36;5;I;6;2600;0;Sportsbook
100;01148BP   ;21/09/2012;2;9;I;8;2550;1550;Sportsbook
101;01148BP   ;15/10/2012;2;9;I;8;2540;1877,5;Sportsbook
102;01148BP   ;20/10/2012;2;9;N;7;2536,72;4839,22;Sportsbook
103;01148BP   ;05/09/2012;2;9;I;13;2525;3065,63;Sportsbook
104;01148BP   ;19/11/2012;3;8;I;7;2500;3200;Sportsbook
105;01284UW   ;21/10/2012;274;5;I;2;2500;0;Sportsbook
106;00357DG   ;09/11/2012;22512_XFER;22512;I;619;2428;2557,6;Vegas
107;01148BP   ;16/10/2012;2;9;I;7;2393,75;7331,25;Sportsbook
108;01152SJ   ;25/10/2012;22528_PRCH;22528;I;2;2377,08;0;Casino
109;01152SJ   ;14/10/2012;22528_PRCH;22528;I;2;2365,0121;0;Casino
110;01152SJ   ;25/10/2012;22527_PRCH;22527;I;2;2313,7433;0;Poker
111;01148BP   ;19/12/2012;2;9;I;8;2275;1525;Sportsbook
112;01196ZZ   ;19/11/2012;2;9;I;13;2223;1848,73;Sportsbook
113;01148BP   ;29/09/2012;2;9;M;5;2200;900;Sportsbook
114;01152SJ   ;16/10/2012;22527_PRCH;22527;I;5;2177,5649;0;Poker
115;01148BP   ;30/11/2012;2;9;I;7;2162,5;3912,5;Sportsbook
116;01152SJ   ;16/10/2012;22528_PRCH;22528;I;1;2115,3487;0;Casino
117;01196ZZ   ;17/10/2012;2;9;I;14;2112;557,05;Sportsbook
118;01196ZZ   ;08/12/2012;2;9;I;16;2030;3475,5;Sportsbook
119;01148BP   ;26/11/2012;2;9;I;7;2020;3820;Sportsbook
120;01148BP   ;18/09/2012;2;9;I;6;2008;0;Sportsbook
121;01148BP   ;23/10/2012;2;9;I;5;2000;0;Sportsbook
122;01148BP   ;13/11/2012;2;9;I;7;2000;1837,5;Sportsbook
123;01284UW   ;02/11/2012;46;5;I;11;1985;2325,56;Sportsbook
124;01284UW   ;30/10/2012;1;5;I;14;1980;2800;Sportsbook
125;01152SJ   ;08/09/2012;22527_PRCH;22527;I;2;1948,2058;0;Poker
126;01148BP   ;12/09/2012;2;9;I;9;1900;3300;Sportsbook
127;01152SJ   ;03/12/2012;22527_PRCH;22527;I;1;1873,5948;0;Poker
128;01152SJ   ;09/12/2012;22528_PRCH;22528;I;2;1870,4408;0;Casino
129;01152SJ   ;28/12/2012;22527_PRCH;22527;I;1;1859,6764;0;Poker
130;01148BP   ;10/11/2012;2;9;I;7;1850;2400;Sportsbook
131;00357DG   ;13/11/2012;22512_XFER;22512;I;242;1835;1662,5;Vegas
132;01148BP   ;22/10/2012;2;9;I;7;1812,5;562,5;Sportsbook
133;01148BP   ;01/10/2012;2;9;I;5;1800;3125;Sportsbook
134;01196ZZ   ;20/11/2012;2;9;I;5;1800;0;Sportsbook
135;01152SJ   ;19/10/2012;22527_PRCH;22527;I;6;1796,4444;0;Poker
136;01152SJ   ;09/09/2012;22528_PRCH;22528;I;4;1785,2668;0;Casino
137;01196ZZ   ;17/11/2012;2;9;I;9;1770;4270,5;Sportsbook
138;01152SJ   ;17/10/2012;22528_PRCH;22528;I;1;1743,6792;0;Casino
139;01148BP   ;29/10/2012;2;9;I;6;1737,5;1806,25;Sportsbook
140;01152SJ   ;20/10/2012;22527_PRCH;22527;I;6;1705,9773;0;Poker
141;01148BP   ;15/09/2012;2;9;I;8;1700,13;0;Sportsbook
142;01148BP   ;11/10/2012;2;9;I;6;1700;0;Sportsbook
143;01284UW   ;20/10/2012;46;5;I;7;1700;0;Sportsbook
144;01148BP   ;17/10/2012;2;9;N;4;1680;0;Sportsbook
145;01152SJ   ;09/12/2012;22527_PRCH;22527;I;2;1644,7409;0;Poker
146;00357DG   ;12/11/2012;612;0;I;351;1640;1325,25;Games
147;01148BP   ;15/09/2012;2;9;M;5;1640;1640;Sportsbook
148;01148BP   ;02/12/2012;2;9;I;5;1600;2450;Sportsbook
149;01148BP   ;18/10/2012;3;8;I;4;1595;2745;Sportsbook
150;00357DG   ;02/11/2012;22512_XFER;22512;I;437;1580;1337,1;Vegas
151;01152SJ   ;30/11/2012;22527_PRCH;22527;I;1;1562,0119;0;Poker
152;01152SJ   ;15/10/2012;22527_PRCH;22527;I;2;1557,7677;0;Poker
153;01284UW   ;23/12/2012;46;5;I;33;1554;1369,69;Sportsbook
154;01148BP   ;22/09/2012;2;9;I;5;1550;0;Sportsbook
155;01148BP   ;03/11/2012;2;9;I;3;1550;0;Sportsbook
156;00497XG   ;30/12/2012;638;0;I;617;1540,05;1295,26;Games
157;01152SJ   ;01/09/2012;22528_PRCH;22528;I;3;1516,7794;0;Casino
158;00C017    ;23/11/2012;22527_PRCH;22527;I;4;1500;0;Poker
159;01148BP   ;23/11/2012;2;9;N;4;1500;900;Sportsbook
160;01152SJ   ;04/10/2012;22528_PRCH;22528;I;3;1479,4054;0;Casino
161;01148BP   ;07/09/2012;2;9;I;4;1450;0;Sportsbook
162;01148BP   ;07/12/2012;2;9;N;2;1450;2200;Sportsbook
163;01152SJ   ;02/12/2012;22527_PRCH;22527;I;1;1436,9968;0;Poker
164;01196ZZ   ;17/11/2012;3;8;I;9;1414;550;Sportsbook
165;01196ZZ   ;24/11/2012;2;9;I;12;1412;406,5;Sportsbook
166;01148BP   ;18/11/2012;2;9;I;5;1408,13;1556,88;Sportsbook
167;01148BP   ;06/09/2012;2;9;I;4;1400;0;Sportsbook
168;01196ZZ   ;17/12/2012;22512_XFER;22512;I;16;1400;900;Vegas
169;01152SJ   ;10/12/2012;22528_PRCH;22528;I;1;1355,7315;0;Casino
170;01196ZZ   ;15/10/2012;2;9;I;5;1348;3773,25;Sportsbook
171;01148BP   ;21/11/2012;2;9;I;3;1337,5;900;Sportsbook
172;01148BP   ;20/10/2012;2;9;I;5;1315;1275;Sportsbook
173;01152SJ   ;08/12/2012;22527_PRCH;22527;I;1;1309,9826;0;Poker
174;01152SJ   ;18/10/2012;22528_PRCH;22528;I;5;1306,1579;0;Casino
175;01148BP   ;05/12/2012;2;9;N;3;1300;3600;Sportsbook
176;01148BP   ;01/10/2012;2;9;N;4;1275;550;Sportsbook
177;01148BP   ;26/11/2012;22512_XFER;22512;I;25;1270;1200;Vegas
178;01152SJ   ;14/10/2012;22527_PRCH;22527;I;2;1261,1322;0;Poker
179;01148BP   ;05/10/2012;2;9;I;9;1250;650;Sportsbook
180;00C017    ;21/12/2012;22527_PRCH;22527;I;5;1230;0;Poker
181;01196ZZ   ;23/10/2012;22512_XFER;22512;I;613;1225,6;901,1;Vegas
182;01148BP   ;27/10/2012;2;9;M;3;1225;0;Sportsbook
183;00J381    ;06/12/2012;2;9;M;7;1200;500;Sportsbook
184;01148BP   ;24/11/2012;2;9;I;4;1200;0;Sportsbook
185;01196ZZ   ;17/10/2012;3;8;I;10;1200;1425;Sportsbook
186;01196ZZ   ;16/11/2012;2;9;I;3;1200;0;Sportsbook
187;01284UW   ;11/10/2012;46;5;I;1;1200;0;Sportsbook
188;01152SJ   ;07/12/2012;22528_PRCH;22528;I;1;1181,1464;0;Casino
189;00497XG   ;31/12/2012;638;0;I;817;1180,12;590,33;Games
190;00J381    ;03/10/2012;2;9;M;9;1165;1725;Sportsbook
191;01148BP   ;23/11/2012;2;9;M;4;1150;1000;Sportsbook
192;00357DG   ;15/11/2012;635;0;I;204;1134;918,5;Games
193;01148BP   ;25/10/2012;2;9;N;3;1132,42;0;Sportsbook
194;00497XG   ;31/12/2012;601;0;I;256;1130,8;912,28;Games
195;01196ZZ   ;23/10/2012;3;8;I;5;1130;1350;Sportsbook
196;01148BP   ;08/09/2012;2;9;I;7;1125;525;Sportsbook
197;01284UW   ;04/11/2012;46;5;I;41;1125;996;Sportsbook
198;01152SJ   ;04/12/2012;22527_PRCH;22527;I;13;1121,0344;0;Poker
199;01152SJ   ;04/11/2012;22527_PRCH;22527;I;9;1119,2637;0;Poker
200;00357DG   ;13/11/2012;613;0;I;182;1114,75;649,15;Games
201;01152SJ   ;04/12/2012;22528_PRCH;22528;I;5;1105,4211;0;Casino
202;01152SJ   ;13/10/2012;22528_PRCH;22528;I;1;1060,9748;0;Casino
203;01152SJ   ;05/11/2012;22528_PRCH;22528;I;1;1060,8424;0;Casino
204;01196ZZ   ;20/10/2012;2;9;I;7;1050;0;Sportsbook
205;01196ZZ   ;15/10/2012;3;8;I;6;1047;700;Sportsbook
206;01284UW   ;22/10/2012;46;5;I;3;1030;0;Sportsbook
207;01284UW   ;23/10/2012;275;5;I;6;1025;0;Sportsbook
208;01152SJ   ;18/10/2012;22527_PRCH;22527;I;3;1024,3583;0;Poker
209;00J381    ;30/09/2012;2;9;M;6;1015,78;3547,1;Sportsbook
210;01152SJ   ;26/12/2012;22528_PRCH;22528;I;2;1013,6139;0;Casino
211;01148BP   ;12/10/2012;2;9;I;5;1006,25;506,25;Sportsbook
212;01152SJ   ;09/09/2012;22527_PRCH;22527;I;1;1002,2551;0;Poker
213;01148BP   ;28/09/2012;2;9;M;2;1000;0;Sportsbook
214;01148BP   ;27/11/2012;2;9;I;3;1000;0;Sportsbook
215;01148BP   ;12/12/2012;2;9;N;1;1000;0;Sportsbook
216;01148BP   ;26/12/2012;2;9;N;2;1000;0;Sportsbook
217;01196ZZ   ;23/09/2012;3;8;I;6;1000;2850;Sportsbook
218;01284UW   ;19/10/2012;46;5;I;2;1000;0;Sportsbook
219;01196ZZ   ;27/10/2012;2;9;I;19;977;563;Sportsbook
220;00C017    ;29/12/2012;22527_PRCH;22527;I;4;950;0;Poker
221;01196ZZ   ;06/12/2012;22512_XFER;22512;I;12;950;1440;Vegas
222;01152SJ   ;14/09/2012;22528_PRCH;22528;I;10;933,8098;0;Casino
223;01148BP   ;30/10/2012;2;9;I;4;912,5;3143,75;Sportsbook
224;00357DG   ;20/11/2012;635;0;I;178;907;681,8;Games
225;00C017    ;30/11/2012;22527_PRCH;22527;I;7;900;0;Poker
226;00J381    ;16/09/2012;2;9;M;4;900;900;Sportsbook
227;01148BP   ;18/10/2012;2;9;N;3;900;1050;Sportsbook
228;01148BP   ;21/10/2012;2;9;M;2;900;0;Sportsbook
229;01148BP   ;04/12/2012;2;9;M;3;900;750;Sportsbook
230;01152SJ   ;07/12/2012;22527_PRCH;22527;I;1;870,0242;0;Poker
231;00C017    ;25/11/2012;22527_PRCH;22527;I;2;870;0;Poker
232;00J381    ;28/09/2012;2;9;M;6;863,13;0;Sportsbook
233;01152SJ   ;26/09/2012;22528_PRCH;22528;I;3;859,7509;0;Casino
234;00J381    ;28/12/2012;323;9;M;3;856,25;0;Sportsbook
235;00C017    ;28/11/2012;22527_PRCH;22527;I;3;855;0;Poker
236;01284UW   ;22/12/2012;1;5;I;53;840;376,79;Sportsbook
237;01148BP   ;14/11/2012;2;9;I;4;837,5;0;Sportsbook
238;01148BP   ;28/09/2012;2;9;N;2;825;1312,5;Sportsbook
239;01152SJ   ;30/12/2012;22527_PRCH;22527;I;2;824,8574;0;Poker
240;01148BP   ;14/09/2012;2;9;M;2;818;0;Sportsbook
241;01196ZZ   ;24/09/2012;22512_XFER;22512;I;408;814,8;689;Vegas
242;01284UW   ;31/10/2012;36;5;I;5;810;0;Sportsbook
243;01152SJ   ;27/12/2012;22527_PRCH;22527;I;1;806,0617;0;Poker
244;00C017    ;24/11/2012;22527_PRCH;22527;I;3;800;0;Poker
245;00C017    ;15/12/2012;22527_PRCH;22527;I;3;800;0;Poker
246;00J381    ;09/09/2012;2;9;N;4;800;1127,38;Sportsbook
247;01148BP   ;24/11/2012;2;9;N;2;800;0;Sportsbook
248;01148BP   ;30/11/2012;2;9;M;2;800;1150;Sportsbook
249;00357DG   ;14/11/2012;635;0;I;131;785,5;575,95;Games
250;01284UW   ;02/12/2012;46;5;I;23;784,5;635,85;Sportsbook
251;00J381    ;27/12/2012;323;9;M;3;780;1056,25;Sportsbook
252;01196ZZ   ;29/09/2012;3;8;I;7;775;0;Sportsbook
253;01152SJ   ;26/09/2012;22527_PRCH;22527;I;15;770,9384;0;Poker
254;01152SJ   ;06/12/2012;22528_PRCH;22528;I;1;756,3808;0;Casino
255;00J381    ;15/09/2012;323;9;M;3;751,65;748,87;Sportsbook
256;01148BP   ;21/09/2012;2;9;N;2;750;0;Sportsbook
257;01148BP   ;15/12/2012;2;9;I;2;750;0;Sportsbook
258;01148BP   ;20/12/2012;2;9;I;3;750;0;Sportsbook
259;01284UW   ;02/12/2012;273;3;I;6;750;925;Sportsbook
260;01284UW   ;23/12/2012;1;5;I;21;731;685,33;Sportsbook
261;00J381    ;09/11/2012;323;9;M;5;730;813,75;Sportsbook
262;00C017    ;10/09/2012;22508_STKE;22508;I;131;724,8;0;Bingo
263;00C017    ;01/12/2012;22527_PRCH;22527;I;2;700;0;Poker
264;00J381    ;17/09/2012;2;9;M;4;700;900;Sportsbook
265;00J381    ;10/11/2012;2;9;M;5;700;1200;Sportsbook
266;01148BP   ;13/09/2012;2;9;I;3;700;0;Sportsbook
267;01148BP   ;04/11/2012;2;9;I;3;700;475;Sportsbook
268;01148BP   ;16/11/2012;2;9;M;2;700;1300;Sportsbook
269;01152SJ   ;04/09/2012;22528_PRCH;22528;I;3;698,979;0;Casino
270;01148BP   ;05/09/2012;2;9;N;2;690,63;0;Sportsbook
271;00C017    ;07/12/2012;22527_PRCH;22527;I;6;680;0;Poker
272;00C017    ;14/12/2012;22527_PRCH;22527;I;4;680;0;Poker
273;01284UW   ;22/12/2012;46;5;I;29;676;816;Sportsbook
274;01284UW   ;30/11/2012;273;3;I;17;675;1018,12;Sportsbook
275;01152SJ   ;13/12/2012;22527_PRCH;22527;I;9;671,3076;0;Poker
276;00J381    ;13/11/2012;2;9;M;4;664,38;800;Sportsbook
277;01152SJ   ;11/12/2012;22527_PRCH;22527;I;4;662,2825;0;Poker
278;01152SJ   ;12/09/2012;22528_PRCH;22528;I;6;656,291;0;Casino
279;00J381    ;28/12/2012;2;9;M;3;656,24;756,25;Sportsbook
280;00357DG   ;16/11/2012;22512_XFER;22512;I;92;656;304,7;Vegas
281;00C017    ;28/09/2012;22508_STKE;22508;I;48;656;0;Bingo
282;00C017    ;14/09/2012;22527_PRCH;22527;I;3;650;0;Poker
283;00J381    ;22/09/2012;2;9;M;5;650;866;Sportsbook
284;00J381    ;11/10/2012;323;9;M;3;650;0;Sportsbook
285;01148BP   ;19/11/2012;2;9;M;2;650;0;Sportsbook
286;01284UW   ;12/10/2012;1;5;I;2;650;0;Sportsbook
287;01152SJ   ;04/09/2012;22527_PRCH;22527;I;1;630,2786;0;Poker
288;01196ZZ   ;20/12/2012;22512_XFER;22512;I;5;630;180;Vegas
289;00J381    ;07/10/2012;2;9;M;3;626;352;Sportsbook
290;00357DG   ;12/10/2012;22512_XFER;22512;I;294;625;946,9;Vegas
291;00C017    ;21/09/2012;22527_PRCH;22527;I;3;625;0;Poker
292;01152SJ   ;22/10/2012;22528_PRCH;22528;I;4;624,8048;0;Casino
293;01152SJ   ;23/10/2012;22528_PRCH;22528;I;4;624,8048;0;Casino
294;01152SJ   ;28/11/2012;22528_PRCH;22528;I;1;624,1808;0;Casino
295;01152SJ   ;27/10/2012;22528_PRCH;22528;I;1;623,6014;0;Casino
296;01152SJ   ;01/10/2012;22527_PRCH;22527;I;1;620,0903;0;Poker
297;00357DG   ;17/11/2012;638;0;I;133;602;548,1;Games
298;01148BP   ;04/09/2012;2;9;I;2;600;0;Sportsbook
299;01148BP   ;19/10/2012;2;9;N;1;600;0;Sportsbook
300;01148BP   ;11/11/2012;2;9;I;2;600;600;Sportsbook
301;01148BP   ;29/11/2012;2;9;I;3;600;1500;Sportsbook
302;01196ZZ   ;28/11/2012;3;8;I;3;600;0;Sportsbook
303;00775SM   ;07/10/2012;22508_STKE;22508;I;569;587,2;0;Bingo
304;01152SJ   ;06/09/2012;22528_PRCH;22528;I;3;586,717;0;Casino
305;00J381    ;02/10/2012;2;9;M;4;580;0;Sportsbook
306;00J381    ;07/10/2012;46;5;M;7;575;0;Sportsbook
307;00C017    ;12/10/2012;22527_PRCH;22527;I;2;570;0;Poker
308;00357DG   ;26/11/2012;635;0;I;76;564;347,9;Games
309;01152SJ   ;11/10/2012;22528_PRCH;22528;I;4;561,7977;0;Casino
310;01152SJ   ;28/11/2012;22527_PRCH;22527;I;1;561,7627;0;Poker
311;00C017    ;18/11/2012;22527_PRCH;22527;I;2;560;0;Poker
312;00J381    ;09/12/2012;323;9;M;2;560;0;Sportsbook
313;01284UW   ;25/10/2012;275;5;I;11;560;441,63;Sportsbook
314;01152SJ   ;30/09/2012;22528_PRCH;22528;I;6;555,3497;0;Casino
315;00J381    ;02/10/2012;42;4;M;2;550;484,62;Sportsbook
316;01196ZZ   ;17/11/2012;1;5;I;7;550;109,15;Sportsbook
317;00C017    ;16/11/2012;22527_PRCH;22527;I;2;545;0;Poker
318;00J381    ;14/09/2012;2;9;M;3;540;866,67;Sportsbook
319;00J381    ;30/09/2012;46;5;M;6;540;1120;Sportsbook
320;00J381    ;02/10/2012;275;5;M;7;540;780;Sportsbook
321;01148BP   ;03/12/2012;2;9;N;1;538,75;0;Sportsbook
322;00J381    ;23/09/2012;42;4;M;3;536,75;0;Sportsbook
323;01196ZZ   ;15/12/2012;2;9;I;6;536;572;Sportsbook
324;00C017    ;02/12/2012;22508_STKE;22508;I;56;531,9;0;Bingo
325;00J381    ;23/09/2012;1;5;M;10;520;600;Sportsbook
326;00J381    ;17/10/2012;2;9;M;3;520;525;Sportsbook
327;00J381    ;28/11/2012;2;9;M;3;520;0;Sportsbook
328;00J381    ;19/09/2012;323;9;M;3;510,75;0;Sportsbook
329;01284UW   ;10/10/2012;1;5;I;4;510;0;Sportsbook
330;01152SJ   ;05/09/2012;22527_PRCH;22527;I;4;503,8416;0;Poker
331;00J381    ;01/10/2012;42;4;M;2;502,1;414,72;Sportsbook
332;00J381    ;05/12/2012;275;5;N;3;500,25;674,07;Sportsbook
333;00C017    ;07/09/2012;22527_PRCH;22527;I;2;500;0;Poker
334;00C017    ;05/10/2012;22527_PRCH;22527;I;3;500;0;Poker
335;00C017    ;09/11/2012;22527_PRCH;22527;I;2;500;0;Poker
336;00C017    ;20/11/2012;22527_PRCH;22527;I;2;500;0;Poker
337;00J381    ;26/12/2012;323;9;M;3;500;1519,38;Sportsbook
338;01148BP   ;03/09/2012;2;9;I;2;500;0;Sportsbook
339;01148BP   ;06/09/2012;2;9;N;2;500;0;Sportsbook
340;01148BP   ;13/09/2012;MANUAL ;0;N;1;500;500;#N/D
341;01148BP   ;13/09/2012;2;9;N;1;500;850;Sportsbook
342;01148BP   ;16/09/2012;2;9;M;1;500;954,55;Sportsbook
343;01148BP   ;25/09/2012;2;9;I;3;500;0;Sportsbook
344;01148BP   ;01/10/2012;2;9;M;1;500;1400;Sportsbook
345;01148BP   ;13/10/2012;2;9;I;2;500;0;Sportsbook
346;01148BP   ;23/10/2012;2;9;N;1;500;0;Sportsbook
347;01148BP   ;07/11/2012;2;9;N;1;500;1875;Sportsbook
348;01148BP   ;06/12/2012;2;9;M;1;500;1250;Sportsbook
349;01148BP   ;08/12/2012;2;9;I;2;500;900;Sportsbook
350;01196ZZ   ;08/10/2012;2;9;I;3;500;0;Sportsbook
351;01152SJ   ;06/11/2012;22527_PRCH;22527;I;1;499,2511;0;Poker
352;01152SJ   ;26/12/2012;22527_PRCH;22527;I;1;493,5025;0;Poker
353;01152SJ   ;18/12/2012;22528_PRCH;22528;I;4;489,6747;0;Casino
354;01284UW   ;03/12/2012;46;5;I;22;487;455;Sportsbook
355;00J381    ;28/11/2012;323;9;M;2;480;0;Sportsbook
356;01284UW   ;20/12/2012;46;5;I;31;477,5;570,45;Sportsbook
357;00J381    ;21/11/2012;2;9;M;3;475;675;Sportsbook
358;01284UW   ;30/10/2012;274;5;I;8;475;0;Sportsbook
359;01152SJ   ;06/09/2012;22527_PRCH;22527;I;4;472,1435;0;Poker
360;01148BP   ;24/10/2012;2;9;N;2;471,89;1394,59;Sportsbook
361;01284UW   ;26/10/2012;1;5;I;4;470;0;Sportsbook
362;00357DG   ;26/10/2012;22512_XFER;22512;I;237;461;210,3;Vegas
363;00J381    ;12/09/2012;2;9;N;3;460,89;1476,23;Sportsbook
364;00C017    ;28/09/2012;22527_PRCH;22527;I;3;460;0;Poker
365;01196ZZ   ;25/09/2012;3;8;I;5;460;270;Sportsbook
366;00J381    ;05/12/2012;323;9;M;3;456;656,25;Sportsbook
367;00J381    ;22/09/2012;1;5;M;2;450;920;Sportsbook
368;00J381    ;28/09/2012;42;4;M;4;450;647,5;Sportsbook
369;00J381    ;23/11/2012;323;9;M;4;450;0;Sportsbook
370;01148BP   ;09/10/2012;2;9;N;1;450;0;Sportsbook
371;01196ZZ   ;26/10/2012;2;9;I;5;450;0;Sportsbook
372;01284UW   ;10/10/2012;46;5;I;2;450;0;Sportsbook
373;01152SJ   ;12/12/2012;22527_PRCH;22527;I;6;448,6818;0;Poker
374;00C017    ;02/09/2012;22527_PRCH;22527;I;3;445;0;Poker
375;00J381    ;03/10/2012;323;9;M;3;444,62;0;Sportsbook
376;00J381    ;10/09/2012;323;9;N;2;440;0;Sportsbook
377;00J381    ;28/09/2012;323;9;M;3;430;650;Sportsbook
378;00J381    ;17/11/2012;1;5;M;6;430;0;Sportsbook
379;01284UW   ;02/12/2012;274;5;I;22;427;100;Sportsbook
380;00357DG   ;06/12/2012;22512_XFER;22512;I;42;420;255;Vegas
381;00J381    ;22/09/2012;5;11;M;2;420;0;Sportsbook
382;01152SJ   ;07/11/2012;22527_PRCH;22527;I;5;418,8285;0;Poker
383;00357DG   ;03/11/2012;22512_XFER;22512;I;118;416;316,4;Vegas
384;01148BP   ;27/09/2012;2;9;M;1;412;0;Sportsbook
385;00J381    ;17/11/2012;323;9;M;3;410,75;0;Sportsbook
386;00775SM   ;30/09/2012;22508_STKE;22508;I;123;403,1;0;Bingo
387;01284UW   ;03/12/2012;273;3;I;13;403;485,26;Sportsbook
388;01152SJ   ;06/12/2012;22527_PRCH;22527;I;1;400,5465;0;Poker
389;01152SJ   ;13/10/2012;22527_PRCH;22527;I;1;400,0499;0;Poker
390;00C017    ;02/12/2012;22527_PRCH;22527;I;1;400;0;Poker
391;00J381    ;07/10/2012;323;9;M;1;400;0;Sportsbook
392;00J381    ;09/10/2012;MANUAL ;0;N;1;400;0;#N/D
393;00J381    ;11/11/2012;323;9;N;1;400;0;Sportsbook
394;00J381    ;13/11/2012;323;9;N;1;400;0;Sportsbook
395;00J381    ;31/12/2012;323;9;M;1;400;0;Sportsbook
396;01148BP   ;16/09/2012;1;5;I;1;400;820;Sportsbook
397;01148BP   ;16/09/2012;1;5;M;1;400;359,38;Sportsbook
398;01148BP   ;02/10/2012;2;9;N;1;400;0;Sportsbook
399;01148BP   ;14/10/2012;2;9;I;1;400;0;Sportsbook
400;01148BP   ;24/11/2012;2;9;M;3;400;0;Sportsbook
401;01148BP   ;29/11/2012;2;9;N;1;400;0;Sportsbook
402;01196ZZ   ;25/09/2012;2;9;I;2;400;450;Sportsbook
403;00J381    ;27/11/2012;2;9;M;2;393,4;0;Sportsbook
404;01196ZZ   ;24/11/2012;3;8;I;4;390;672,5;Sportsbook
405;01196ZZ   ;16/10/2012;3;8;I;3;385;362,5;Sportsbook
406;00J381    ;07/10/2012;1;5;M;6;380;0;Sportsbook
407;00J381    ;22/12/2012;323;9;M;2;380;0;Sportsbook
408;01148BP   ;05/11/2012;2;9;I;2;375;0;Sportsbook
409;01152SJ   ;13/09/2012;22528_PRCH;22528;I;5;374,3682;0;Casino
410;01152SJ   ;15/09/2012;22528_PRCH;22528;I;2;372,2777;0;Casino
411;00J381    ;20/12/2012;323;9;M;2;367,5;0;Sportsbook
412;00J381    ;16/09/2012;1;5;M;9;360;0;Sportsbook
413;00J381    ;29/12/2012;323;9;N;2;360;0;Sportsbook
414;00357DG   ;08/11/2012;613;0;I;178;354;203;Games
415;01284UW   ;04/11/2012;274;5;I;17;354;100;Sportsbook
416;00C017    ;18/10/2012;22527_PRCH;22527;I;2;350;0;Poker
417;00C017    ;09/12/2012;22527_PRCH;22527;I;1;350;0;Poker
418;00J381    ;24/09/2012;323;9;N;2;350;0;Sportsbook
419;00J381    ;03/10/2012;275;5;M;5;350;0;Sportsbook
420;00J381    ;04/10/2012;323;9;M;2;350;0;Sportsbook
421;00J381    ;08/10/2012;2;9;M;2;350;0;Sportsbook
422;00J381    ;22/11/2012;323;9;M;2;350;1185,94;Sportsbook
423;00J381    ;10/12/2012;323;9;M;2;350;0;Sportsbook
424;00J381    ;12/12/2012;323;9;M;2;350;0;Sportsbook
425;00J381    ;30/12/2012;323;9;M;2;350;1340,63;Sportsbook
426;01148BP   ;02/12/2012;2;9;M;1;350;0;Sportsbook
427;01196ZZ   ;28/11/2012;22528_PRCH;22528;I;2;350;0;Casino
428;01196ZZ   ;01/12/2012;2;9;I;1;350;0;Sportsbook
429;01284UW   ;01/11/2012;275;5;I;4;350;0;Sportsbook
430;00C017    ;07/10/2012;22527_PRCH;22527;I;3;348,55;0;Poker
431;00J381    ;30/09/2012;40;6;M;2;340;0;Sportsbook
432;01148BP   ;10/10/2012;2;9;N;1;337,5;0;Sportsbook
433;00J381    ;17/09/2012;1;5;M;5;335;0;Sportsbook
434;00C017    ;08/09/2012;22527_PRCH;22527;I;2;330;0;Poker
435;00C017    ;26/10/2012;22527_PRCH;22527;I;2;330;0;Poker
436;00357DG   ;21/11/2012;22512_XFER;22512;I;58;324;124,2;Vegas
437;01152SJ   ;08/10/2012;22527_PRCH;22527;I;3;322,2607;0;Poker
438;00357DG   ;19/11/2012;635;0;I;107;321;141,6;Games
439;00C017    ;02/11/2012;22527_PRCH;22527;I;2;320;0;Poker
440;00J381    ;10/10/2012;323;9;M;3;320;0;Sportsbook
441;00J381    ;12/11/2012;2;9;M;2;320;660;Sportsbook
442;00J381    ;27/12/2012;42;4;M;1;319;0;Sportsbook
443;00J381    ;01/10/2012;2;9;M;2;316,67;0;Sportsbook
444;01152SJ   ;11/10/2012;22527_PRCH;22527;I;1;312,1099;0;Poker
445;01152SJ   ;06/11/2012;22528_PRCH;22528;I;5;312,032;0;Casino
446;00J381    ;08/10/2012;19;1;M;1;311,31;0;Sportsbook
447;00C017    ;14/10/2012;22527_PRCH;22527;I;1;310;0;Poker
448;00J381    ;10/10/2012;2;9;M;2;310;780;Sportsbook
449;00J381    ;02/10/2012;323;9;M;2;308,05;0;Sportsbook
450;00J381    ;11/12/2012;1;5;M;2;308;0;Sportsbook
451;00J381    ;17/09/2012;323;9;M;2;306,26;528,13;Sportsbook
452;01152SJ   ;04/10/2012;22527_PRCH;22527;I;1;305,3577;0;Poker
453;00J381    ;17/10/2012;323;9;M;2;305;0;Sportsbook
454;00C017    ;03/09/2012;22527_PRCH;22527;I;2;300;0;Poker
455;00C017    ;19/10/2012;22527_PRCH;22527;I;1;300;0;Poker
456;00J381    ;01/09/2012;323;9;M;4;300;0;Sportsbook
457;00J381    ;13/09/2012;323;9;N;2;300;0;Sportsbook
458;00J381    ;18/09/2012;323;9;M;2;300;893,75;Sportsbook
459;00J381    ;05/10/2012;323;9;M;2;300;0;Sportsbook
460;00J381    ;15/10/2012;323;9;M;2;300;0;Sportsbook
461;00J381    ;30/10/2012;323;9;N;2;300;0;Sportsbook
462;00J381    ;08/11/2012;323;9;M;2;300;0;Sportsbook
463;00J381    ;14/11/2012;323;9;M;2;300;0;Sportsbook
464;00J381    ;15/11/2012;2;9;N;2;300;0;Sportsbook
465;00J381    ;23/11/2012;2;9;M;2;300;0;Sportsbook
466;00J381    ;04/12/2012;323;9;M;2;300;0;Sportsbook
467;00J381    ;16/12/2012;323;9;M;2;300;0;Sportsbook
468;00J381    ;21/12/2012;323;9;M;2;300;0;Sportsbook
469;01148BP   ;26/10/2012;2;9;M;2;300;250;Sportsbook
470;01148BP   ;06/12/2012;2;9;I;1;300;0;Sportsbook
471;00357DG   ;11/12/2012;CSH_PPAL;0;I;0;295,21;0;Adjustments
472;01284UW   ;05/11/2012;274;5;I;12;295;254,55;Sportsbook
473;01152SJ   ;19/09/2012;22528_PRCH;22528;I;4;292,6138;0;Casino
474;00J381    ;21/09/2012;323;9;N;2;290;0;Sportsbook
475;01196ZZ   ;18/09/2012;2;9;I;3;285;0;Sportsbook
476;01152SJ   ;01/09/2012;22527_PRCH;22527;I;2;284,3962;0;Poker
477;00J381    ;18/09/2012;275;5;M;5;283;0;Sportsbook
478;00J381    ;10/11/2012;323;9;M;2;281,5;1584,38;Sportsbook
479;00C017    ;01/09/2012;22527_PRCH;22527;I;2;281;0;Poker
480;00J381    ;22/11/2012;2;9;N;3;280;0;Sportsbook
481;00J381    ;27/09/2012;42;4;M;2;277,5;277,5;Sportsbook
482;01196ZZ   ;18/11/2012;2;9;I;1;275;0;Sportsbook
483;00J381    ;25/11/2012;2;9;N;2;274;0;Sportsbook
484;00357DG   ;25/10/2012;22512_XFER;22512;I;136;272;142,6;Vegas
485;00J381    ;16/09/2012;323;9;M;2;270,87;528,13;Sportsbook
486;00J381    ;02/11/2012;323;9;N;2;270;0;Sportsbook
487;01148BP   ;03/12/2012;2;9;M;1;268;938;Sportsbook
488;01196ZZ   ;20/10/2012;1;5;I;2;267;427,35;Sportsbook
489;01284UW   ;04/12/2012;275;5;I;15;267;0;Sportsbook
490;00C017    ;30/12/2012;22527_PRCH;22527;I;1;260;0;Poker
491;00J381    ;01/10/2012;323;9;M;1;260;0;Sportsbook
492;00J381    ;12/11/2012;323;9;M;2;260;0;Sportsbook
493;01284UW   ;30/11/2012;46;5;I;17;260;0;Sportsbook
494;00J381    ;16/09/2012;40;6;M;2;258;0;Sportsbook
495;00C017    ;11/09/2012;22527_PRCH;22527;I;2;250;0;Poker
496;00C017    ;11/10/2012;22527_PRCH;22527;I;2;250;0;Poker
497;00C017    ;27/10/2012;22527_PRCH;22527;I;1;250;0;Poker
498;00C017    ;31/10/2012;22527_PRCH;22527;I;2;250;0;Poker
499;00C017    ;21/11/2012;22527_PRCH;22527;I;1;250;0;Poker
500;00C017    ;27/11/2012;22527_PRCH;22527;I;2;250;0;Poker
501;00J381    ;18/09/2012;19;1;M;1;250;0;Sportsbook
502;00J381    ;24/11/2012;2;9;N;1;250;1500;Sportsbook
503;00J381    ;27/11/2012;1;5;M;3;250;0;Sportsbook
504;00J381    ;14/12/2012;323;9;N;2;250;0;Sportsbook
505;00J381    ;18/12/2012;2;9;N;1;250;0;Sportsbook
506;00J381    ;19/12/2012;323;9;M;2;250;687,5;Sportsbook
507;01148BP   ;02/09/2012;2;9;I;1;250;0;Sportsbook
508;01148BP   ;24/09/2012;2;9;N;1;250;0;Sportsbook
509;01148BP   ;06/11/2012;2;9;N;1;250;2500;Sportsbook
510;01148BP   ;08/11/2012;2;9;N;1;250;0;Sportsbook
511;01148BP   ;21/11/2012;2;9;M;1;250;687,5;Sportsbook
512;01148BP   ;04/12/2012;2;9;I;5;250;400;Sportsbook
513;01196ZZ   ;13/10/2012;2;9;M;4;250;1175;Sportsbook
514;01152SJ   ;23/12/2012;22527_PRCH;22527;I;6;249,5377;0;Poker
515;00J381    ;16/09/2012;325;13;M;1;248,13;496,26;Sportsbook
516;00J381    ;06/12/2012;42;4;M;1;244;0;Sportsbook
517;00J381    ;23/09/2012;323;9;M;1;240;0;Sportsbook
518;01196ZZ   ;16/10/2012;2;9;I;4;240;550;Sportsbook
519;01196ZZ   ;29/09/2012;22528_PRCH;22528;I;3;237;0;Casino
520;01284UW   ;24/12/2012;273;3;I;10;232,9;300,71;Sportsbook
521;00C017    ;03/12/2012;22527_PRCH;22527;I;3;230;0;Poker
522;00J381    ;05/09/2012;323;9;N;2;230;0;Sportsbook
523;00J381    ;12/10/2012;2;9;N;2;230;0;Sportsbook
524;00J381    ;04/11/2012;323;9;N;2;230;0;Sportsbook
525;00J381    ;19/11/2012;2;9;M;4;230;0;Sportsbook
526;00497XG   ;02/09/2012;452;0;I;369;228,31;123,36;Games
527;01196ZZ   ;18/09/2012;22512_XFER;22512;I;79;227,8;112;Vegas
528;00J381    ;07/10/2012;40;6;M;1;227,25;900;Sportsbook
529;01284UW   ;04/12/2012;46;5;I;8;226;304;Sportsbook
530;01196ZZ   ;16/10/2012;36;5;I;5;225;0;Sportsbook
531;01196ZZ   ;10/11/2012;2;9;I;3;225;175;Sportsbook
532;01196ZZ   ;13/12/2012;22528_PRCH;22528;I;2;225;0;Casino
533;01152SJ   ;15/09/2012;22527_PRCH;22527;I;2;223,3667;0;Poker
534;00497XG   ;30/12/2012;601;0;I;85;222,4;156,5;Games
535;00J381    ;30/09/2012;42;4;M;1;220;0;Sportsbook
536;00J381    ;27/10/2012;2;9;M;2;220;600;Sportsbook
537;00J381    ;27/10/2012;1;5;N;2;220;0;Sportsbook
538;00J381    ;27/10/2012;2;9;N;2;220;0;Sportsbook
539;00J381    ;27/10/2012;323;9;M;2;220;0;Sportsbook
540;00J381    ;19/12/2012;2;9;M;1;220;0;Sportsbook
541;01284UW   ;25/10/2012;274;5;I;2;220;0;Sportsbook
542;01152SJ   ;17/12/2012;22528_PRCH;22528;I;5;216,3966;0;Casino
543;01284UW   ;25/12/2012;274;5;I;6;216;12,69;Sportsbook
544;01152SJ   ;30/10/2012;22528_PRCH;22528;I;1;215,4744;0;Casino
545;01284UW   ;25/12/2012;1;5;I;13;213;41,37;Sportsbook
546;00J381    ;20/10/2012;1;5;M;1;212;0;Sportsbook
547;01196ZZ   ;18/10/2012;2;9;I;1;207;0;Sportsbook
548;00J381    ;23/11/2012;40;6;M;2;205,94;0;Sportsbook
549;00J381    ;23/09/2012;2;9;M;1;204;0;Sportsbook
550;00J381    ;09/11/2012;2;9;M;1;202,25;0;Sportsbook
551;00357DG   ;15/09/2012;22512_XFER;22512;I;101;202;127,1;Vegas
552;00C017    ;15/09/2012;22527_PRCH;22527;I;1;200;0;Poker
553;00C017    ;29/09/2012;22527_PRCH;22527;I;2;200;0;Poker
554;00C017    ;25/10/2012;22527_PRCH;22527;I;1;200;0;Poker
555;00C017    ;24/11/2012;2;9;I;4;200;400;Sportsbook
556;00J381    ;06/09/2012;323;9;N;2;200;0;Sportsbook
557;00J381    ;08/09/2012;2;9;M;1;200;0;Sportsbook
558;00J381    ;09/09/2012;323;9;N;1;200;406,25;Sportsbook
559;00J381    ;11/09/2012;323;9;N;1;200;0;Sportsbook
560;00J381    ;14/09/2012;2;9;N;1;200;568,75;Sportsbook
561;00J381    ;24/09/2012;2;9;N;1;200;0;Sportsbook
562;00J381    ;30/09/2012;323;9;N;1;200;3300,78;Sportsbook
563;00J381    ;05/10/2012;2;9;M;1;200;0;Sportsbook
564;00J381    ;06/10/2012;323;9;M;1;200;0;Sportsbook
565;00J381    ;08/10/2012;323;9;M;1;200;0;Sportsbook
566;00J381    ;09/10/2012;323;9;M;1;200;0;Sportsbook
567;00J381    ;11/10/2012;2;9;M;1;200;0;Sportsbook
568;00J381    ;14/10/2012;323;9;M;2;200;0;Sportsbook
569;00J381    ;16/10/2012;2;9;N;1;200;0;Sportsbook
570;00J381    ;24/10/2012;323;9;M;2;200;0;Sportsbook
571;00J381    ;25/10/2012;2;9;M;2;200;0;Sportsbook
572;00J381    ;05/11/2012;2;9;M;1;200;0;Sportsbook
573;00J381    ;10/11/2012;2;9;N;1;200;0;Sportsbook
574;00J381    ;14/11/2012;40;6;M;1;200;0;Sportsbook
575;00J381    ;17/11/2012;5;11;M;1;200;0;Sportsbook
576;00J381    ;18/11/2012;323;9;M;1;200;0;Sportsbook
577;00J381    ;20/11/2012;323;9;N;1;200;0;Sportsbook
578;00J381    ;25/11/2012;1;5;N;4;200;0;Sportsbook
579;00J381    ;26/11/2012;2;9;M;1;200;700;Sportsbook
580;00J381    ;30/11/2012;323;9;M;1;200;0;Sportsbook
581;00J381    ;01/12/2012;323;9;M;1;200;0;Sportsbook
582;00J381    ;08/12/2012;323;9;M;1;200;0;Sportsbook
583;00J381    ;11/12/2012;1;5;I;1;200;0;Sportsbook
584;00J381    ;11/12/2012;323;9;M;1;200;528,13;Sportsbook
585;00J381    ;14/12/2012;2;9;M;1;200;0;Sportsbook
586;00J381    ;16/12/2012;1;5;N;2;200;0;Sportsbook
587;00J381    ;17/12/2012;323;9;M;1;200;0;Sportsbook
588;00J381    ;23/12/2012;323;9;M;1;200;0;Sportsbook
589;01148BP   ;10/09/2012;2;9;I;1;200;0;Sportsbook
590;01148BP   ;11/09/2012;2;9;N;1;200;0;Sportsbook
591;01148BP   ;19/09/2012;2;9;I;1;200;0;Sportsbook
592;01148BP   ;30/09/2012;2;9;M;1;200;0;Sportsbook
593;01148BP   ;31/10/2012;2;9;N;1;200;0;Sportsbook
594;01148BP   ;22/11/2012;2;9;I;1;200;0;Sportsbook
595;01196ZZ   ;20/10/2012;22528_PRCH;22528;I;1;200;0;Casino
596;01196ZZ   ;07/12/2012;22512_XFER;22512;I;2;200;0;Vegas
597;01196ZZ   ;21/12/2012;22512_XFER;22512;I;1;200;0;Vegas
598;01284UW   ;30/10/2012;36;5;I;2;200;0;Sportsbook
599;00C017    ;18/09/2012;22527_PRCH;22527;I;1;190;0;Poker
600;00C017    ;21/10/2012;22527_PRCH;22527;I;2;190;0;Poker
601;01152SJ   ;10/10/2012;22528_PRCH;22528;I;1;186,6368;0;Casino
602;01152SJ   ;04/11/2012;22528_PRCH;22528;I;1;186,544;0;Casino
603;00J381    ;08/09/2012;2;9;N;1;180;0;Sportsbook
604;00J381    ;27/09/2012;2;9;M;2;180;0;Sportsbook
605;00J381    ;20/10/2012;323;9;M;1;180;402,19;Sportsbook
606;00J381    ;16/11/2012;323;9;M;1;180;1608,75;Sportsbook
607;00J381    ;29/12/2012;1;5;M;3;180;0;Sportsbook
608;01196ZZ   ;29/09/2012;1;5;I;5;180;91,67;Sportsbook
609;00J381    ;17/11/2012;2;9;M;1;178;0;Sportsbook
610;01152SJ   ;13/12/2012;22528_PRCH;22528;I;4;174,0428;0;Casino
611;01152SJ   ;19/10/2012;22528_PRCH;22528;I;1;171,9011;0;Casino
612;00J381    ;30/09/2012;1;5;M;4;170;0;Sportsbook
613;00J381    ;30/11/2012;2;9;N;1;170;0;Sportsbook
614;01152SJ   ;20/09/2012;22528_PRCH;22528;I;1;160,0591;0;Casino
615;00C017    ;28/10/2012;22527_PRCH;22527;I;1;160;0;Poker
616;00J381    ;19/10/2012;2;9;N;1;160;0;Sportsbook
617;00J381    ;29/12/2012;MANUAL ;0;N;1;160;0;#N/D
618;01196ZZ   ;23/09/2012;1;5;M;2;160;300,91;Sportsbook
619;00J381    ;29/09/2012;1;5;M;5;155;0;Sportsbook
620;01284UW   ;08/12/2012;46;5;I;14;155;97,75;Sportsbook
621;00J381    ;10/09/2012;45;17;M;1;153,63;0;Sportsbook
622;00C017    ;10/11/2012;22527_PRCH;22527;I;2;152,99;0;Poker
623;00357DG   ;05/12/2012;635;0;I;33;151;41,6;Games
624;00J381    ;26/11/2012;323;9;M;1;150,31;1343,4;Sportsbook
625;00C017    ;16/09/2012;22527_PRCH;22527;I;2;150;0;Poker
626;00C017    ;04/12/2012;22527_PRCH;22527;I;1;150;0;Poker
627;00C017    ;12/12/2012;22527_PRCH;22527;I;2;150;0;Poker
628;00C017    ;23/12/2012;22527_PRCH;22527;I;1;150;0;Poker
629;00J381    ;02/09/2012;323;9;M;1;150;0;Sportsbook
630;00J381    ;03/09/2012;323;9;M;1;150;0;Sportsbook
631;00J381    ;12/09/2012;323;9;N;1;150;0;Sportsbook
632;00J381    ;14/09/2012;323;9;M;1;150;0;Sportsbook
633;00J381    ;15/09/2012;1;5;M;1;150;0;Sportsbook
634;00J381    ;15/09/2012;323;9;N;1;150;0;Sportsbook
635;00J381    ;18/09/2012;2;9;M;1;150;0;Sportsbook
636;00J381    ;19/09/2012;2;9;M;1;150;0;Sportsbook
637;00J381    ;20/09/2012;323;9;M;1;150;0;Sportsbook
638;00J381    ;20/09/2012;323;9;N;1;150;0;Sportsbook
639;00J381    ;23/09/2012;40;6;M;1;150;0;Sportsbook
640;00J381    ;26/09/2012;2;9;M;2;150;0;Sportsbook
641;00J381    ;26/09/2012;323;9;M;1;150;0;Sportsbook
642;00J381    ;04/10/2012;42;4;M;1;150;0;Sportsbook
643;00J381    ;06/10/2012;2;9;M;1;150;1406,25;Sportsbook
644;00J381    ;13/10/2012;40;6;M;1;150;0;Sportsbook
645;00J381    ;13/10/2012;323;9;M;1;150;0;Sportsbook
646;00J381    ;16/10/2012;323;9;N;1;150;0;Sportsbook
647;00J381    ;19/10/2012;323;9;N;1;150;0;Sportsbook
648;00J381    ;21/10/2012;323;9;N;1;150;0;Sportsbook
649;00J381    ;25/10/2012;323;9;N;1;150;0;Sportsbook
650;00J381    ;26/10/2012;323;9;M;1;150;0;Sportsbook
651;00J381    ;01/11/2012;323;9;N;1;150;0;Sportsbook
652;00J381    ;19/11/2012;323;9;M;1;150;0;Sportsbook
653;00J381    ;21/11/2012;323;9;M;1;150;0;Sportsbook
654;00J381    ;21/11/2012;323;9;N;1;150;0;Sportsbook
655;00J381    ;22/11/2012;2;9;M;1;150;0;Sportsbook
656;00J381    ;24/11/2012;MANUAL ;0;N;1;150;0;#N/D
657;00J381    ;25/11/2012;323;9;N;1;150;0;Sportsbook
658;00J381    ;29/11/2012;2;9;M;1;150;0;Sportsbook
659;00J381    ;29/11/2012;323;9;M;1;150;0;Sportsbook
660;00J381    ;02/12/2012;323;9;M;1;150;0;Sportsbook
661;00J381    ;03/12/2012;323;9;M;1;150;0;Sportsbook
662;00J381    ;07/12/2012;2;9;N;1;150;0;Sportsbook
663;00J381    ;07/12/2012;323;9;N;1;150;0;Sportsbook
664;00J381    ;13/12/2012;323;9;M;1;150;0;Sportsbook
665;01284UW   ;14/10/2012;1;5;I;1;150;0;Sportsbook
666;01284UW   ;01/11/2012;274;5;I;1;150;0;Sportsbook
667;00357DG   ;08/12/2012;22512_XFER;22512;I;19;148;17,3;Vegas
668;01284UW   ;27/10/2012;46;5;I;3;145;0;Sportsbook
669;00J381    ;17/09/2012;40;6;M;1;143,13;0;Sportsbook
670;01284UW   ;13/11/2012;46;5;I;15;141,5;192,41;Sportsbook
671;00J381    ;04/09/2012;2;9;N;1;140;0;Sportsbook
672;00J381    ;09/09/2012;40;6;N;1;140;0;Sportsbook
673;00J381    ;22/09/2012;2;9;N;1;140;0;Sportsbook
674;00J381    ;22/09/2012;323;9;M;1;140;0;Sportsbook
675;00J381    ;25/09/2012;323;9;M;1;140;0;Sportsbook
676;00J381    ;18/10/2012;2;9;N;1;140;0;Sportsbook
677;01284UW   ;31/10/2012;274;5;I;2;140;0;Sportsbook
678;01152SJ   ;07/09/2012;22527_PRCH;22527;I;1;138,5216;0;Poker
679;01152SJ   ;18/12/2012;22527_PRCH;22527;I;1;137,5665;0;Poker
680;01152SJ   ;17/12/2012;22527_PRCH;22527;I;1;135,7116;0;Poker
681;00C017    ;29/12/2012;22508_STKE;22508;I;26;133,5;0;Bingo
682;00J381    ;05/11/2012;323;9;M;1;130;0;Sportsbook
683;00J381    ;30/11/2012;323;9;N;1;130;0;Sportsbook
684;00J381    ;06/12/2012;323;9;M;1;130;0;Sportsbook
685;00357DG   ;26/11/2012;182;0;I;63;126;91,66;Games
686;01152SJ   ;08/09/2012;22528_PRCH;22528;I;1;125,6834;0;Casino
687;01152SJ   ;30/10/2012;22527_PRCH;22527;I;1;125,4347;0;Poker
688;00J381    ;29/09/2012;323;9;M;1;125;0;Sportsbook
689;01148BP   ;03/10/2012;2;9;N;1;125;0;Sportsbook
690;01152SJ   ;24/10/2012;22528_PRCH;22528;I;1;124,8284;0;Casino
691;01152SJ   ;27/11/2012;22528_PRCH;22528;I;1;124,7738;0;Casino
692;00C017    ;05/09/2012;22527_PRCH;22527;I;1;122;0;Poker
693;01284UW   ;24/12/2012;274;5;I;7;121,7;0,46;Sportsbook
694;00J381    ;27/12/2012;2;9;M;1;120,38;0;Sportsbook
695;00C017    ;10/09/2012;22527_PRCH;22527;I;1;120;0;Poker
696;00C017    ;14/11/2012;22527_PRCH;22527;I;1;120;0;Poker
697;00J381    ;08/09/2012;323;9;N;1;120;0;Sportsbook
698;00J381    ;14/09/2012;323;9;N;1;120;0;Sportsbook
699;00J381    ;27/09/2012;323;9;M;2;120;625,63;Sportsbook
700;00J381    ;29/09/2012;2;9;M;1;120;0;Sportsbook
701;00J381    ;18/10/2012;323;9;N;1;120;0;Sportsbook
702;00J381    ;23/10/2012;275;5;N;1;120;0;Sportsbook
703;00J381    ;27/10/2012;323;9;N;1;120;0;Sportsbook
704;00J381    ;03/11/2012;323;9;I;1;120;0;Sportsbook
705;00357DG   ;20/11/2012;638;0;I;58;116;90;Games
706;00J381    ;22/09/2012;MANUAL ;0;N;1;116;1036,75;#N/D
707;01284UW   ;04/12/2012;274;5;I;3;115;91,88;Sportsbook
708;00J381    ;03/11/2012;323;9;N;1;110;0;Sportsbook
709;01196ZZ   ;13/10/2012;3;8;M;2;105;52,5;Sportsbook
710;01284UW   ;23/12/2012;274;5;I;4;102;0;Sportsbook
711;00J381    ;07/12/2012;323;9;M;1;100,07;0;Sportsbook
712;00357DG   ;17/11/2012;275;5;I;2;100;0;Sportsbook
713;00C017    ;06/09/2012;22527_PRCH;22527;I;1;100;0;Poker
714;00C017    ;09/09/2012;22527_PRCH;22527;I;1;100;0;Poker
715;00C017    ;10/10/2012;22527_PRCH;22527;I;1;100;0;Poker
716;00C017    ;06/11/2012;22527_PRCH;22527;I;1;100;0;Poker
717;00C017    ;11/11/2012;22527_PRCH;22527;I;1;100;0;Poker
718;00J381    ;04/09/2012;323;9;M;1;100;0;Sportsbook
719;00J381    ;11/09/2012;2;9;N;1;100;0;Sportsbook
720;00J381    ;26/09/2012;1;5;M;2;100;0;Sportsbook
721;00J381    ;28/09/2012;40;6;M;1;100;0;Sportsbook
722;00J381    ;04/10/2012;40;6;M;1;100;0;Sportsbook
723;00J381    ;09/10/2012;2;9;M;1;100;0;Sportsbook
724;00J381    ;28/10/2012;323;9;N;1;100;0;Sportsbook
725;00J381    ;31/10/2012;2;9;N;1;100;0;Sportsbook
726;00J381    ;31/10/2012;323;9;N;1;100;0;Sportsbook
727;00J381    ;10/11/2012;1;5;N;1;100;0;Sportsbook
728;00J381    ;15/11/2012;323;9;N;1;100;0;Sportsbook
729;00J381    ;22/11/2012;275;5;N;2;100;0;Sportsbook
730;00J381    ;24/11/2012;323;9;M;1;100;0;Sportsbook
731;01196ZZ   ;01/09/2012;2;9;I;1;100;0;Sportsbook
732;01196ZZ   ;01/09/2012;22528_PRCH;22528;I;1;100;0;Casino
733;01196ZZ   ;24/09/2012;1;5;M;1;100;0;Sportsbook
734;01196ZZ   ;06/10/2012;10;16;I;1;100;1000;Sportsbook
735;01196ZZ   ;20/10/2012;323;9;I;1;100;350;Sportsbook
736;01196ZZ   ;02/11/2012;2;9;I;1;100;0;Sportsbook
737;01196ZZ   ;18/11/2012;1;5;I;2;100;275;Sportsbook
738;01196ZZ   ;08/12/2012;3;8;I;1;100;0;Sportsbook
739;01196ZZ   ;18/12/2012;22512_XFER;22512;I;2;100;0;Vegas
740;01284UW   ;03/12/2012;274;5;I;8;100;276;Sportsbook
741;01152SJ   ;05/10/2012;22527_PRCH;22527;I;1;99,3357;0;Poker
742;00C017    ;19/10/2012;22508_STKE;22508;I;11;97,2;0;Bingo
743;00357DG   ;13/11/2012;612;0;I;16;96;35,25;Games
744;01284UW   ;09/11/2012;46;5;I;10;92;67,2;Sportsbook
745;00357DG   ;19/11/2012;638;0;I;45;90;19,5;Games
746;01196ZZ   ;18/11/2012;3;8;I;1;90;0;Sportsbook
747;01196ZZ   ;11/12/2012;1;5;I;3;90;0;Sportsbook
748;01284UW   ;25/12/2012;46;5;I;3;88;186,9;Sportsbook
749;01284UW   ;14/11/2012;36;5;I;11;83,1;0;Sportsbook
750;00357DG   ;17/11/2012;635;0;I;29;82;32,3;Games
751;01152SJ   ;19/09/2012;22527_PRCH;22527;I;2;80,0838;0;Poker
752;00J381    ;16/09/2012;46;5;M;1;80;0;Sportsbook
753;00J381    ;28/09/2012;385;6;M;1;80;0;Sportsbook
754;00J381    ;23/10/2012;275;5;M;1;80;0;Sportsbook
755;00J381    ;04/11/2012;1;5;M;1;80;0;Sportsbook
756;00357DG   ;26/10/2012;612;0;I;38;76;26,25;Games
757;01284UW   ;30/11/2012;1;5;I;3;76;0;Sportsbook
758;01284UW   ;09/11/2012;274;5;I;7;75;0;Sportsbook
759;00357DG   ;14/11/2012;601;0;I;17;72;20,5;Games
760;00J381    ;12/12/2012;2;9;M;1;70,13;0;Sportsbook
761;01284UW   ;26/12/2012;1;5;I;8;68;19,61;Sportsbook
762;01284UW   ;22/12/2012;274;5;I;6;67;125,63;Sportsbook
763;00357DG   ;20/11/2012;601;0;I;32;64;15;Games
764;01284UW   ;02/12/2012;40;6;I;3;64;0;Sportsbook
765;01152SJ   ;05/09/2012;22528_PRCH;22528;I;1;62,9802;0;Casino
766;01152SJ   ;14/09/2012;22527_PRCH;22527;I;1;62,1504;0;Poker
767;01152SJ   ;20/10/2012;22528_PRCH;22528;I;1;62,004;0;Casino
768;01152SJ   ;28/09/2012;22528_PRCH;22528;I;1;61,8276;0;Casino
769;00357DG   ;30/11/2012;638;0;I;30;60;40,25;Games
770;00J381    ;25/09/2012;2;9;M;1;60;0;Sportsbook
771;01196ZZ   ;25/09/2012;22528_PRCH;22528;I;1;60;0;Casino
772;01196ZZ   ;27/10/2012;1;5;I;2;60;0;Sportsbook
773;01284UW   ;28/12/2012;274;5;I;10;58,2;74,18;Sportsbook
774;01284UW   ;28/10/2012;46;5;I;8;58;0;Sportsbook
775;01284UW   ;19/12/2012;274;5;I;3;55;99,5;Sportsbook
776;01284UW   ;29/12/2012;1;5;I;14;54,97;17,02;Sportsbook
777;00J381    ;21/10/2012;2;9;M;1;50,19;0;Sportsbook
778;00C017    ;22/09/2012;22527_PRCH;22527;I;1;50;0;Poker
779;00J381    ;04/10/2012;2;9;M;1;50;0;Sportsbook
780;00J381    ;12/10/2012;36;5;M;2;50;0;Sportsbook
781;00J381    ;04/11/2012;1;5;N;2;50;0;Sportsbook
782;01196ZZ   ;13/10/2012;10;16;M;5;50;0;Sportsbook
783;01196ZZ   ;24/11/2012;22528_PRCH;22528;I;1;50;0;Casino
784;01284UW   ;13/11/2012;1;5;I;6;50;0;Sportsbook
785;01284UW   ;24/12/2012;1;5;I;5;50;0;Sportsbook
786;00357DG   ;10/11/2012;22508_STKE;22508;I;27;49,8;0;Bingo
787;00775SM   ;25/09/2012;452;0;I;24;49,25;27,75;Games
788;00357DG   ;14/11/2012;638;0;I;24;48;9,25;Games
789;01284UW   ;25/12/2012;273;3;I;2;46;0;Sportsbook
790;01284UW   ;27/11/2012;46;5;I;8;41;0;Sportsbook
791;01284UW   ;06/12/2012;46;5;I;6;40,3;95,7;Sportsbook
792;01196ZZ   ;23/09/2012;2;9;M;1;40;0;Sportsbook
793;01196ZZ   ;23/09/2012;22528_PRCH;22528;I;1;40;0;Casino
794;01196ZZ   ;23/10/2012;1;5;I;5;40;0;Sportsbook
795;01196ZZ   ;10/11/2012;1;5;I;2;40;0;Sportsbook
796;01196ZZ   ;26/11/2012;22528_PRCH;22528;I;2;40;0;Casino
797;01196ZZ   ;13/12/2012;3;8;I;1;40;0;Sportsbook
798;01284UW   ;27/11/2012;1;5;I;7;39,51;0;Sportsbook
799;01284UW   ;03/12/2012;1;5;I;4;39,3;0;Sportsbook
800;00775SM   ;13/10/2012;22512_XFER;22512;I;20;39;9;Vegas
801;01284UW   ;03/12/2012;36;5;I;6;38;90;Sportsbook
802;01284UW   ;19/12/2012;1;5;I;3;38;16,21;Sportsbook
803;01284UW   ;08/12/2012;1;5;I;7;37;0;Sportsbook
804;00775SM   ;29/09/2012;452;0;I;25;36,5;33;Games
805;00775SM   ;18/09/2012;452;0;I;16;34,75;2,25;Games
806;01284UW   ;16/11/2012;46;5;I;6;34,5;0;Sportsbook
807;01152SJ   ;03/10/2012;22527_PRCH;22527;I;1;30,9828;0;Poker
808;00775SM   ;23/09/2012;22512_XFER;22512;I;9;30,77;15,47;Vegas
809;01284UW   ;29/10/2012;46;5;I;2;30;1035;Sportsbook
810;01284UW   ;20/12/2012;274;5;I;3;25;13,15;Sportsbook
811;00775SM   ;17/09/2012;22512_XFER;22512;I;15;24,6;4,75;Vegas
812;00357DG   ;15/11/2012;638;0;I;12;24;3;Games
813;00775SM   ;20/09/2012;22512_XFER;22512;I;12;24;4,4;Vegas
814;01284UW   ;06/12/2012;36;5;I;3;24;0;Sportsbook
815;01284UW   ;08/12/2012;274;5;I;4;20,6;0;Sportsbook
816;00357DG   ;17/11/2012;22528_PRCH;22528;I;1;20;0;Casino
817;00775SM   ;30/09/2012;22528_PRCH;22528;I;1;20;0;Casino
818;01196ZZ   ;23/10/2012;275;5;I;2;20;0;Sportsbook
819;01196ZZ   ;28/11/2012;1;5;I;1;20;0;Sportsbook
820;01284UW   ;30/11/2012;36;5;I;2;20;0;Sportsbook
821;01284UW   ;19/12/2012;46;5;I;1;20;60;Sportsbook
822;01284UW   ;10/12/2012;46;5;I;4;19;0;Sportsbook
823;00497XG   ;03/09/2012;453;0;I;32;18,6;9,35;Games
824;00775SM   ;20/09/2012;2;9;I;2;18;0;Sportsbook
825;01284UW   ;05/11/2012;46;5;I;3;18;0;Sportsbook
826;01284UW   ;13/11/2012;36;5;I;1;18;0;Sportsbook
827;01284UW   ;28/12/2012;1;5;I;3;13,85;0;Sportsbook
828;01152SJ   ;26/11/2012;22528_PRCH;22528;I;1;13,1013;0;Casino
829;00775SM   ;20/09/2012;452;0;I;7;12,8;1,9;Games
830;01152SJ   ;23/09/2012;22527_PRCH;22527;I;1;12,3084;0;Poker
831;01284UW   ;27/12/2012;274;5;I;4;10,7;3,2;Sportsbook
832;00775SM   ;15/09/2012;2;9;I;1;10;0;Sportsbook
833;00775SM   ;16/09/2012;2;9;I;1;10;0;Sportsbook
834;00775SM   ;23/09/2012;2;9;I;2;10;15,38;Sportsbook
835;01196ZZ   ;10/11/2012;46;5;I;1;10;0;Sportsbook
836;01196ZZ   ;18/11/2012;46;5;I;1;10;0;Sportsbook
837;01196ZZ   ;24/11/2012;1;5;I;1;10;0;Sportsbook
838;01284UW   ;27/10/2012;1;5;I;1;10;0;Sportsbook
839;01284UW   ;06/12/2012;274;5;I;2;10;0;Sportsbook
840;01284UW   ;22/12/2012;36;5;I;2;8;0;Sportsbook
841;00775SM   ;17/09/2012;2;9;I;1;6;9;Sportsbook
842;01284UW   ;09/12/2012;1;5;I;1;6;0;Sportsbook
843;00775SM   ;02/10/2012;452;0;I;3;5,25;0;Games
844;00775SM   ;20/09/2012;38;9;I;5;5;0;Sportsbook
845;00775SM   ;07/10/2012;2;9;I;1;5;26;Sportsbook
846;01284UW   ;16/11/2012;274;5;I;1;5;0;Sportsbook
847;01284UW   ;04/12/2012;36;5;I;1;5;0;Sportsbook
848;00497XG   ;03/09/2012;452;0;I;19;4,7;2,4;Games
849;01284UW   ;09/12/2012;46;5;I;2;4,5;0;Sportsbook
850;00775SM   ;17/09/2012;38;9;I;4;4;23,4;Sportsbook
851;00775SM   ;19/09/2012;38;9;I;3;3;16,9;Sportsbook
852;00775SM   ;20/10/2012;22508_STKE;22508;I;2;2,9;0;Bingo
853;00775SM   ;19/09/2012;453;0;I;1;2;0;Games
854;00497XG   ;04/10/2012;452;0;I;14;1,36;0,2;Games
855;00775SM   ;23/09/2012;452;0;I;1;0,25;0;Games
856;00775SM   ;25/11/2012;635;0;I;13;0,13;0;Games
857;00357DG   ;19/09/2012;BONS_VEGA;0;I;0;0;7,49;Vegas
858;00357DG   ;12/10/2012;22522_SALE;22522;I;0;0;25;Vegas
859;00357DG   ;24/10/2012;BONS_VEGA;0;I;0;0;50;Vegas
860;00357DG   ;30/10/2012;BONS_GAM;0;I;0;0;4,98;Games
861;00357DG   ;31/10/2012;BONS_VEGA;0;I;0;0;38,01;Vegas
862;00357DG   ;02/11/2012;22522_SALE;22522;I;0;0;25;Vegas
863;00357DG   ;06/11/2012;22522_SALE;22522;I;0;0;20;Vegas
864;00357DG   ;07/11/2012;BONS_VEGA;0;I;0;0;41,32;Vegas
865;00357DG   ;09/11/2012;22522_SALE;22522;I;0;0;20;Vegas
866;00357DG   ;10/11/2012;22508_RTNS;22508;I;0;0;6,85;Bingo
867;00357DG   ;10/11/2012;22522_SALE;22522;I;0;0;25;Vegas
868;00357DG   ;11/11/2012;BONS_VEGA;0;I;0;0;70;Vegas
869;00357DG   ;12/11/2012;BONS_GAM;0;I;0;0;15,3;Games
870;00357DG   ;14/11/2012;BONS_VEGA;0;I;0;0;444,14;Vegas
871;00357DG   ;14/11/2012;22522_SALE;22522;I;0;0;20;Vegas
872;00357DG   ;15/11/2012;BONS_VEGA;0;I;0;0;200;Vegas
873;00357DG   ;15/11/2012;22522_SALE;22522;I;0;0;45;Vegas
874;00357DG   ;19/11/2012;BONS_GAM;0;I;0;0;50;Games
875;00357DG   ;20/11/2012;22522_SALE;22522;I;0;0;50;Vegas
876;00357DG   ;21/11/2012;BONS_VEGA;0;I;0;0;1058,09;Vegas
877;00357DG   ;23/11/2012;BONS_VEGA;0;I;0;0;100;Vegas
878;00357DG   ;24/11/2012;22522_SALE;22522;I;0;0;75;Vegas
879;00357DG   ;26/11/2012;BONS_GAM;0;I;0;0;55,21;Games
880;00357DG   ;27/11/2012;BONS_VEGA;0;I;0;0;350;Vegas
881;00357DG   ;28/11/2012;22522_SALE;22522;I;0;0;100;Vegas
882;00357DG   ;28/11/2012;BONS_VEGA;0;I;0;0;930,8;Vegas
883;00357DG   ;29/11/2012;BONS_VEGA;0;I;0;0;250;Vegas
884;00357DG   ;01/12/2012;BONS_VEGA;0;I;0;0;400;Vegas
885;00357DG   ;03/12/2012;BONS_GAM;0;I;0;0;27,02;Games
886;00357DG   ;05/12/2012;22522_SALE;22522;I;0;0;70;Vegas
887;00357DG   ;05/12/2012;BONS_VEGA;0;I;0;0;1036,53;Vegas
888;00357DG   ;10/12/2012;BONS_GAM;0;I;0;0;11,14;Games
889;00357DG   ;12/12/2012;BONS_VEGA;0;I;0;0;172,01;Vegas
890;00497XG   ;02/09/2012;434;0;I;0;0;4,95;Games
891;00497XG   ;03/09/2012;BONS_GAM;0;I;0;0;11,55;Games
892;00497XG   ;12/09/2012;BONS_GAM;0;I;0;0;1,16;Games
893;00497XG   ;24/12/2012;579;0;I;0;0;922;Games
894;00497XG   ;24/12/2012;616;0;I;0;0;42,5;Games
895;00497XG   ;25/12/2012;MANUAL ;0;I;0;0;194;#N/D
896;00497XG   ;25/12/2012;579;0;I;0;0;328,05;Games
897;00497XG   ;26/12/2012;579;0;I;0;0;447,9;Games
898;00497XG   ;26/12/2012;616;0;I;0;0;20;Games
899;00497XG   ;27/12/2012;MANUAL ;0;I;0;0;83,9;#N/D
900;00497XG   ;27/12/2012;579;0;I;0;0;242,5;Games
901;00497XG   ;30/12/2012;579;0;I;0;0;221;Games
902;00497XG   ;31/12/2012;579;0;I;0;0;198;Games
903;00775SM   ;19/09/2012;BONS_VEGA;0;I;0;0;1,99;Vegas
904;00775SM   ;24/09/2012;BONS_GAM;0;I;0;0;1,32;Games
905;00775SM   ;26/09/2012;BONS_VEGA;0;I;0;0;3,49;Vegas
906;00775SM   ;30/09/2012;22508_RTNS;22508;I;0;0;346;Bingo
907;00775SM   ;01/10/2012;BONS_GAM;0;I;0;0;2,5;Games
908;00775SM   ;07/10/2012;22508_RTNS;22508;I;0;0;526;Bingo
909;00775SM   ;17/10/2012;BONS_VEGA;0;I;0;0;3;Vegas
910;00C017    ;07/09/2012;22527_SALE;22527;I;0;0;200;Poker
911;00C017    ;10/09/2012;22508_RTNS;22508;I;0;0;524,43;Bingo
912;00C017    ;10/09/2012;22527_SALE;22527;I;0;0;900;Poker
913;00C017    ;28/09/2012;22508_RTNS;22508;I;0;0;255,66;Bingo
914;00C017    ;28/09/2012;22527_SALE;22527;I;0;0;400;Poker
915;00C017    ;29/09/2012;22527_SALE;22527;I;0;0;100;Poker
916;00C017    ;11/10/2012;22527_SALE;22527;I;0;0;250;Poker
917;00C017    ;19/10/2012;22527_SALE;22527;I;0;0;100;Poker
918;00C017    ;19/10/2012;22508_RTNS;22508;I;0;0;0;Bingo
919;00C017    ;26/10/2012;22527_SALE;22527;I;0;0;200;Poker
920;00C017    ;12/11/2012;22527_SALE;22527;I;0;0;1500;Poker
921;00C017    ;18/11/2012;22527_SALE;22527;I;0;0;4000;Poker
922;00C017    ;24/11/2012;22527_SALE;22527;I;0;0;200;Poker
923;00C017    ;25/11/2012;22527_SALE;22527;I;0;0;500;Poker
924;00C017    ;30/11/2012;22527_SALE;22527;I;0;0;1000;Poker
925;00C017    ;01/12/2012;22527_SALE;22527;I;0;0;1000;Poker
926;00C017    ;02/12/2012;22508_RTNS;22508;I;0;0;233;Bingo
927;00C017    ;14/12/2012;22527_SALE;22527;I;0;0;500;Poker
928;00C017    ;21/12/2012;22527_SALE;22527;I;0;0;500;Poker
929;00C017    ;29/12/2012;22508_RTNS;22508;I;0;0;34;Bingo
930;00C017    ;29/12/2012;22527_SALE;22527;I;0;0;600;Poker
931;00J381    ;11/09/2012;45;17;M;0;0;460,89;Sportsbook
932;00J381    ;23/09/2012;5;11;M;0;0;1194;Sportsbook
933;00J381    ;30/09/2012;385;6;M;0;0;280;Sportsbook
934;00J381    ;08/10/2012;40;6;M;0;0;511,31;Sportsbook
935;00J381    ;08/11/2012;2;9;M;1;0;0;Sportsbook
936;00J381    ;25/11/2012;40;6;M;0;0;474,31;Sportsbook
937;00J381    ;09/12/2012;42;4;M;0;0;610;Sportsbook
938;01148BP   ;17/10/2012;GWIL_SPRT;0;I;0;0;800;Sportsbook
939;01148BP   ;20/11/2012;BETC_RET;0;I;0;0;500;Sportsbook
940;01148BP   ;09/12/2012;BONS_SPRB;0;I;0;0;100;Sportsbook
941;01152SJ   ;01/09/2012;22527_SALE;22527;I;0;0;884,788;Poker
942;01152SJ   ;01/09/2012;22528_SALE;22528;I;0;0;631,9914;Casino
943;01152SJ   ;04/09/2012;22527_SALE;22527;I;0;0;509,8954;Poker
944;01152SJ   ;04/09/2012;22528_SALE;22528;I;0;0;630,2786;Casino
945;01152SJ   ;06/09/2012;22527_SALE;22527;I;0;0;586,717;Poker
946;01152SJ   ;08/09/2012;22527_SALE;22527;I;0;0;1508,2825;Poker
947;01152SJ   ;08/09/2012;22528_SALE;22528;I;0;0;565,6067;Casino
948;01152SJ   ;09/09/2012;22527_SALE;22527;I;0;0;1628,6644;Poker
949;01152SJ   ;09/09/2012;22528_SALE;22528;I;0;0;1002,2551;Casino
950;01152SJ   ;14/09/2012;22527_SALE;22527;I;0;0;374,4562;Poker
951;01152SJ   ;15/09/2012;22528_SALE;22528;I;0;0;124,0926;Casino
952;01152SJ   ;19/09/2012;22527_SALE;22527;I;0;0;123,2058;Poker
953;01152SJ   ;23/09/2012;22528_SALE;22528;I;0;0;12,3084;Casino
954;01152SJ   ;26/09/2012;22527_SALE;22527;I;0;0;645,7383;Poker
955;01152SJ   ;26/09/2012;22528_SALE;22528;I;0;0;214,0126;Casino
956;01152SJ   ;01/10/2012;22528_SALE;22528;I;0;0;620,0903;Casino
957;01152SJ   ;04/10/2012;22528_SALE;22528;I;0;0;920,4088;Casino
958;01152SJ   ;04/10/2012;22527_SALE;22527;I;0;0;864,3543;Poker
959;01152SJ   ;11/10/2012;22527_SALE;22527;I;0;0;374,5318;Poker
960;01152SJ   ;13/10/2012;22527_SALE;22527;I;0;0;1060,9748;Poker
961;01152SJ   ;13/10/2012;22528_SALE;22528;I;0;0;400,0499;Casino
962;01152SJ   ;14/10/2012;22527_SALE;22527;I;0;0;2365,0121;Poker
963;01152SJ   ;14/10/2012;22528_SALE;22528;I;0;0;949,7415;Casino
964;01152SJ   ;15/10/2012;22528_SALE;22528;I;0;0;1557,7677;Casino
965;01152SJ   ;15/10/2012;22527_SALE;22527;I;0;0;2115,3487;Poker
966;01152SJ   ;16/10/2012;22527_SALE;22527;I;0;0;2239,781;Poker
967;01152SJ   ;16/10/2012;22528_SALE;22528;I;0;0;2177,5649;Casino
968;01152SJ   ;17/10/2012;22527_SALE;22527;I;0;0;4110,1009;Poker
969;01152SJ   ;17/10/2012;22528_SALE;22528;I;0;0;1743,6792;Casino
970;01152SJ   ;18/10/2012;22527_SALE;22527;I;0;0;1120,6735;Poker
971;01152SJ   ;18/10/2012;22528_SALE;22528;I;0;0;961,2875;Casino
972;01152SJ   ;19/10/2012;22527_SALE;22527;I;0;0;171,9011;Poker
973;01152SJ   ;20/10/2012;22528_SALE;22528;I;0;0;930,9276;Casino
974;01152SJ   ;25/10/2012;22527_SALE;22527;I;0;0;1188,54;Poker
975;01152SJ   ;25/10/2012;22528_SALE;22528;I;0;0;3502,2833;Casino
976;01152SJ   ;27/10/2012;22527_SALE;22527;I;0;0;623,6014;Poker
977;01152SJ   ;30/10/2012;22527_SALE;22527;I;0;0;215,4744;Poker
978;01152SJ   ;30/10/2012;22528_SALE;22528;I;0;0;125,4347;Casino
979;01152SJ   ;04/11/2012;22527_SALE;22527;I;0;0;186,544;Poker
980;01152SJ   ;04/11/2012;22528_SALE;22528;I;0;0;621,8132;Casino
981;01152SJ   ;05/11/2012;22527_SALE;22527;I;0;0;1060,8424;Poker
982;01152SJ   ;28/11/2012;22527_SALE;22527;I;0;0;624,1808;Poker
983;01152SJ   ;28/11/2012;22528_SALE;22528;I;0;0;561,7627;Casino
984;01152SJ   ;30/11/2012;22528_SALE;22528;I;0;0;1562,0119;Casino
985;01152SJ   ;01/12/2012;22527_SALE;22527;I;0;0;5451,3013;Poker
986;01152SJ   ;01/12/2012;22528_SALE;22528;I;0;0;3370,3864;Casino
987;01152SJ   ;02/12/2012;22528_SALE;22528;I;0;0;1436,9968;Casino
988;01152SJ   ;03/12/2012;22528_SALE;22528;I;0;0;3622,2833;Casino
989;01152SJ   ;03/12/2012;22527_SALE;22527;I;0;0;3622,2833;Poker
990;01152SJ   ;04/12/2012;22527_SALE;22527;I;0;0;905,5709;Poker
991;01152SJ   ;04/12/2012;22528_SALE;22528;I;0;0;103,0477;Casino
992;01152SJ   ;06/12/2012;22527_SALE;22527;I;0;0;756,3808;Poker
993;01152SJ   ;06/12/2012;22528_SALE;22528;I;0;0;400,5465;Casino
994;01152SJ   ;07/12/2012;22527_SALE;22527;I;0;0;1181,1464;Poker
995;01152SJ   ;07/12/2012;22528_SALE;22528;I;0;0;870,0242;Casino
996;01152SJ   ;08/12/2012;22528_SALE;22528;I;0;0;1309,9826;Casino
997;01152SJ   ;09/12/2012;22527_SALE;22527;I;0;0;1870,4408;Poker
998;01152SJ   ;09/12/2012;22528_SALE;22528;I;0;0;1644,7409;Casino
999;01152SJ   ;10/12/2012;22527_SALE;22527;I;0;0;1355,7315;Poker
1000;01152SJ   ;11/12/2012;22528_SALE;22528;I;0;0;313,2207;Casino
1001;01152SJ   ;12/12/2012;22527_SALE;22527;I;0;0;1059,388;Poker
1002;01152SJ   ;17/12/2012;22528_SALE;22528;I;0;0;135,7116;Casino
1003;01152SJ   ;18/12/2012;22527_SALE;22527;I;0;0;279,4609;Poker
1004;01152SJ   ;18/12/2012;22528_SALE;22528;I;0;0;137,5665;Casino
1005;01152SJ   ;26/12/2012;22527_SALE;22527;I;0;0;456,6832;Poker
1006;01152SJ   ;26/12/2012;22528_SALE;22528;I;0;0;493,5025;Casino
1007;01152SJ   ;27/12/2012;22527_SALE;22527;I;0;0;1859,4459;Poker
1008;01152SJ   ;27/12/2012;22528_SALE;22528;I;0;0;806,0617;Casino
1009;01196ZZ   ;24/09/2012;22522_SALE;22522;I;0;0;25;Vegas
1010;01196ZZ   ;20/10/2012;22528_SALE;22528;I;0;0;190;Casino
1011;01196ZZ   ;23/10/2012;22522_SALE;22522;I;0;0;25;Vegas
1012;01196ZZ   ;24/11/2012;22522_SALE;22522;I;0;0;45;Vegas
1013;01196ZZ   ;28/11/2012;22528_SALE;22528;I;0;0;375;Casino
1014;01196ZZ   ;08/12/2012;22522_SALE;22522;I;0;0;25;Vegas
1015;01196ZZ   ;15/12/2012;22522_SALE;22522;I;0;0;25;Vegas
1016;01196ZZ   ;19/12/2012;22522_SALE;22522;I;0;0;20;Vegas
1017;01284UW   ;15/10/2012;274;5;I;0;0;10003,5;Sportsbook
1018;01284UW   ;05/11/2012;424;17;I;1;0;0;Sportsbook
1019;01284UW   ;21/12/2012;46;5;I;0;0;103,71;Sportsbook
1020;01148BP   ;04/10/2012;2;9;I;2;-300;0;Sportsbook
